"baseMean","log2FoldChange","lfcSE","stat","pvalue","padj","gene"
4746.1255942924,0.226929717643264,0.0298902234520011,7.59210509107357,3.14749573204558e-14,1.97347982399258e-11,"RPS6KA1"
550.197054864778,0.217529831913232,0.0291004424144866,7.47513830940735,7.71226964922538e-14,2.41779653503216e-11,"SEPHS2"
394.887007054059,0.150552720327954,0.0212597178756603,7.08159540067638,1.42504211785697e-12,2.97833802632107e-10,"UCK1"
2857.94942270874,0.189248804605235,0.0271340731991072,6.97458148714149,3.06782688103164e-12,4.8088186360171e-10,"MAPKAPK3"
2192.23211253059,0.311496451154569,0.0451577117860206,6.89796800667386,5.27516224529124e-12,6.61505345559522e-10,"PFKFB4"
348.141874141897,0.189480842182627,0.0277114645465124,6.83763363948492,8.0511971810112e-12,8.23461491844736e-10,"PHKG2"
444.508366563718,-0.20362097891029,0.0298625891123653,-6.81859761536806,9.19334998869722e-12,8.23461491844736e-10,"ALDH18A1"
2500.45208564421,0.261355074122168,0.0385073064687165,6.78715542813918,1.14365981512821e-11,8.87972507833859e-10,"MKNK1"
1198.48679507409,-0.157082419785948,0.0231976051393002,-6.77149295553045,1.27460168588592e-11,8.87972507833859e-10,"DCAF1"
1460.76323895851,0.254607961679982,0.0379554604005623,6.70807201369662,1.97212608303802e-11,1.23652305406484e-09,"IP6K1"
1126.71427285769,-0.238307572946293,0.0356429950552086,-6.68595814064364,2.29418601582673e-11,1.30768602902124e-09,"EIF2AK3"
221.111953144069,0.270544688025393,0.0406133534744963,6.66147128666154,2.71099769435001e-11,1.41649629529788e-09,"RIPK3"
637.166138672578,0.182088909824957,0.0274224221219032,6.64014684827994,3.13370787640659e-11,1.5114114142361e-09,"LATS2"
3053.40252300627,0.26609926357186,0.0403412309740164,6.59621080336527,4.21799070683856e-11,1.8890572665627e-09,"MAP3K3"
1590.74710277613,0.307953775258847,0.0470223511526647,6.54909352063303,5.78873739701471e-11,2.41969223195215e-09,"NUAK2"
3636.94856692105,0.198063626338408,0.0306087456187604,6.47081813823212,9.74736942254707e-11,3.81975039246063e-09,"GRK6"
2568.21007439027,0.346842372986694,0.0536796858631766,6.46133388095369,1.03784044893604e-10,3.82779977342879e-09,"MKNK2"
1314.34506513493,0.246813384581829,0.0384131061862844,6.42523891155552,1.31662565002808e-10,4.58624601426447e-09,"MAPKAPK2"
719.160813841661,-0.328026790287802,0.0514991681081353,-6.36955512755134,1.89577272123328e-10,6.25604998006983e-09,"EPHA4"
2151.21316401732,-0.250791891576235,0.0394702553649004,-6.35394651637487,2.09859826659687e-10,6.5791055657812e-09,"AKT3"
510.065426649221,0.214929662077098,0.0339260985077393,6.33523073771855,2.36986346510784e-10,7.07573520296482e-09,"BCKDK"
1018.69913096215,-0.20738458783645,0.0327813896544612,-6.32629031357209,2.51125152930685e-10,7.15706685852453e-09,"ULK4"
1072.87000745223,0.284227357549462,0.046841927754999,6.06779804272956,1.29675823576422e-09,3.53507571227899e-08,"MAP2K2"
5673.34217155952,0.271616677769271,0.0450520502595069,6.02895264931822,1.65025624894558e-09,4.31129445037032e-08,"NADK"
182.511134263071,-0.267651306885894,0.0447324750600505,-5.98337799387558,2.18556762337369e-09,5.48140359942121e-08,"MVK"
1699.68440186453,0.213605249285958,0.03577227252785,5.97125187167404,2.35439931799973e-09,5.57977310244894e-08,"NEK6"
1995.49019194618,0.234272279958138,0.0392551762680395,5.96793346076187,2.40277310631773e-09,5.57977310244894e-08,"HK2"
1211.63310197968,0.314038632798653,0.053368127665453,5.88438542883229,3.99535788856291e-09,8.94674784331765e-08,"MARK2"
1234.46782211227,0.356912552452721,0.0610290933243085,5.84823619377873,4.968127767875e-09,1.0741434863647e-07,"PRKCD"
1246.1770352083,0.17394746902177,0.0302229851460953,5.75546949386117,8.64013245375736e-09,1.80578768283529e-07,"PI4KB"
3013.55667863209,0.346541904328989,0.0603710834871863,5.74019686763684,9.45665521133445e-09,1.91268477984087e-07,"JAK3"
1754.05186377655,-0.170807560165277,0.0299850051502108,-5.69643257720355,1.22340239593787e-08,2.39710406954076e-07,"MAP3K4"
3257.0368149828,-0.234057103734688,0.0414151147237295,-5.65148992815856,1.59063009299099e-08,3.02219717668288e-07,"ATR"
9560.03797255071,0.195465895318436,0.0347648332266525,5.62251784854191,1.88194115846305e-08,3.47052090104803e-07,"FGR"
284.526258475616,0.141251502994404,0.0251641584761454,5.61320193275308,1.98616587818606e-08,3.55807430177903e-07,"ITPKC"
1201.15974764795,-0.233192546357179,0.0420204237599625,-5.54950487147078,2.86479769365446e-08,4.98952264978151e-07,"DGKE"
26712.8897886318,-0.232549869536065,0.0421492707050014,-5.51729284152172,3.44261518051079e-08,5.83383707616288e-07,"ATM"
5570.17143813289,-0.246849501799355,0.0451003976530387,-5.47333315547215,4.41648690661217e-08,7.14522072706027e-07,"DYRK2"
4079.58219935997,0.253712682114675,0.0463637811589667,5.47221723018609,4.44439566754945e-08,7.14522072706027e-07,"IGF1R"
1238.24750918709,0.0860706444366887,0.0159771771471179,5.38709958862883,7.1603763427209e-08,1.1223889917215e-06,"PIP5K1A"
2725.3843203793,0.194205345254332,0.0362115282191656,5.3630806211472,8.18144672516285e-08,1.25116270650661e-06,"CAMKK2"
1162.62436499335,-0.181708632865758,0.0339550858894335,-5.35144082560852,8.72566717661867e-08,1.30261745708093e-06,"AGK"
983.693312785503,0.241459759861548,0.0452095859065218,5.34089740084781,9.2487592340962e-08,1.34859814878565e-06,"LRRK1"
2223.66981947388,-0.159587570281328,0.0299799213822839,-5.32314839143084,1.0198648143359e-07,1.45330736042866e-06,"TNIK"
101.879549267888,-0.339927198207567,0.0640281918808067,-5.30902385687179,1.1021390807845e-07,1.5257183873863e-06,"NME1"
2354.20917691639,-0.203194892742346,0.0382938687798858,-5.30619911794015,1.11934682328181e-07,1.5257183873863e-06,"CDK6"
506.749375032423,-0.192210524985164,0.0363026456818472,-5.29466988906755,1.19231598022688e-07,1.58697523632716e-06,"RIOK1"
368.882762764831,-0.165114271744695,0.0312052229931609,-5.29123832189511,1.2149092718294e-07,1.58697523632716e-06,"UCK2"
1471.69624258252,-0.170310583922559,0.0322159059063253,-5.28653716638526,1.24653499085439e-07,1.59505599850143e-06,"PRKCQ"
4139.10551323923,-0.31709523001767,0.0600951347774836,-5.27655410361904,1.31635661502515e-07,1.65071119524153e-06,"CAMK4"
657.404604965425,-0.232024889911721,0.044095694334382,-5.26184910826562,1.42613788183207e-07,1.75331069001708e-06,"ACVR2B"
2080.10544629394,-0.224463319891964,0.0428276796435144,-5.24108057593439,1.5963898291299e-07,1.92487773627778e-06,"CAMK2D"
7243.8241675362,0.154595004704113,0.0295195056798105,5.23704584964802,1.63167169186372e-07,1.93029839773311e-06,"RAF1"
1642.40050417201,0.183788546750598,0.0351959939601025,5.22185982185748,1.77135038725264e-07,2.05673461631001e-06,"PDPK1"
225.813040759435,0.384798395549075,0.07426088797445,5.18171013093014,2.19860711951516e-07,2.50641211624729e-06,"EPHB4"
1295.26666403904,0.287320517874554,0.0559002462475595,5.13987928786804,2.74915024711981e-07,3.07806643740022e-06,"KSR1"
10175.2782213259,0.192074218901766,0.0374086743850685,5.13448343356512,2.82920012156111e-07,3.11212013371722e-06,"LYN"
2353.69465807885,0.318971862784712,0.0622804333901655,5.12154211879778,3.03047030226373e-07,3.27604289572303e-06,"MAST3"
3687.34949250277,-0.21140577021013,0.0415272898786012,-5.09076732019216,3.56617420962182e-07,3.78981564310658e-06,"TRPM7"
3337.11662374992,-0.354076280227571,0.0697257238074878,-5.07812986216067,3.81168138859745e-07,3.93126364223382e-06,"PRKACB"
1571.83099395514,-0.110962671164447,0.0218538728984959,-5.07748313902219,3.8246743568782e-07,3.93126364223382e-06,"PIP4K2B"
104.57436702908,-0.308546994647491,0.0614017020089075,-5.0250560579368,5.0328550418058e-07,5.08967759872941e-06,"PANK1"
520.219916135119,-0.0980403743036273,0.0195578199949954,-5.01284776773254,5.36303261436549e-07,5.33749436382089e-06,"GNE"
450.029814536452,-0.221406414070539,0.0443279613431387,-4.99473486625411,5.89166515911692e-07,5.77199071057235e-06,"BMPR1A"
6388.46155521997,-0.16126551026884,0.0323509201363556,-4.98488171554698,6.19997302598796e-07,5.98058936506839e-06,"PRKCH"
3365.53272430603,-0.0915205411549077,0.0183789714642732,-4.97963345407083,6.37048119246096e-07,6.05195713283791e-06,"CSNK2A1"
3529.66679464609,-0.198091064435596,0.0400199512152412,-4.94980774389737,7.42868276189832e-07,6.95191655479142e-06,"PANK3"
1779.16577710052,0.167185239137727,0.0339120178172264,4.92997025534709,8.22421377635368e-07,7.58320887907905e-06,"PDXK"
4753.56786021406,0.241246918995414,0.049071415141914,4.91624132496954,8.82216356392388e-07,8.01666167330475e-06,"PIK3CD"
2348.93622257908,-0.122212465722624,0.0250469840500301,-4.87932860413496,1.06447582727274e-06,9.53466205285724e-06,"BAZ1B"
94.5290857952964,-0.415032217375113,0.0857433311570534,-4.84040230038312,1.29576547545528e-06,1.14428866635277e-05,"STYK1"
4689.27190389397,0.192551500592497,0.0399179518141935,4.8236818734781,1.40932138368269e-06,1.21842717118765e-05,"GRK2"
127.403377724048,-0.20610282234862,0.0427388553187387,-4.82237581731056,1.41858346884687e-06,1.21842717118765e-05,"PSTK"
2071.81844725719,-0.251278917439395,0.0522851067433373,-4.80593677799875,1.5402857102089e-06,1.28031936029552e-05,"DCK"
659.057839440222,0.152248226478086,0.0316857510793108,4.80494295675689,1.54795631933813e-06,1.28031936029552e-05,"ACVR1B"
1906.68961461988,0.277125299836478,0.0576811598391203,4.80443355524427,1.55190225490366e-06,1.28031936029552e-05,"PFKFB3"
812.706076594537,0.152477019324597,0.0318259028135264,4.79097231641744,1.65975028050146e-06,1.35151094269405e-05,"STK35"
9.00559061486804,-0.543686638579848,0.113563671818311,-4.78750492895023,1.68867591824765e-06,1.357435641976e-05,"CSNK2A3"
465.828158247065,-0.220745282834114,0.0462517511805821,-4.7726902700884,1.81781237191129e-06,1.44274475593466e-05,"ACVR2A"
399.385818008958,-0.321370822993845,0.0676912313468526,-4.74759901097275,2.05845629116619e-06,1.6133151182015e-05,"PDIK1L"
2361.02915566958,-0.266036760521783,0.056078956137716,-4.74396777052096,2.09572206620717e-06,1.62224411791592e-05,"CMPK1"
2454.24691093215,0.184350957101016,0.0389261780937503,4.73591208099143,2.18072116171794e-06,1.64880028229546e-05,"FES"
229.465830492215,-0.234269224741112,0.0494683943890566,-4.73573536465816,2.18262238326193e-06,1.64880028229546e-05,"NME7"
1733.17050089667,-0.104343393610367,0.0222520870408292,-4.6891508836413,2.74341052854258e-06,2.04776000166214e-05,"TTBK2"
3406.76616116381,-0.101755024545238,0.0217646336265151,-4.67524637866055,2.93600920398519e-06,2.16573855399849e-05,"TAF1"
277.185897759887,-0.141492611682479,0.0303572030170279,-4.6609238539899,3.14793178561174e-06,2.29506189485879e-05,"IDNK"
239.537663820315,0.276703430945621,0.0598977915095907,4.6195932098985,3.84493123831869e-06,2.77100216830554e-05,"LIMK1"
1843.89248509266,0.225263903404249,0.0489316163116,4.60364730177218,4.15155316403755e-06,2.95798162937675e-05,"ITPK1"
1725.09444572806,-0.157193781299411,0.0342131266490122,-4.594545915433,4.33692629097462e-06,3.05534020723718e-05,"PRKD3"
693.825105317167,-0.198536623363636,0.0432491596353451,-4.59053135454182,4.42119032359484e-06,3.08009592543774e-05,"MAPK6"
2236.19448534172,0.21983474156412,0.0480899918402131,4.57132000135406,4.84661499387058e-06,3.33937099028225e-05,"CSNK1D"
2213.23711278545,-0.181583963648907,0.0397713666756817,-4.56569584670412,4.97840156400941e-06,3.39288889199337e-05,"TLK1"
294.789018921799,-0.187611740608746,0.0411416220869661,-4.56014447393854,5.1118439345593e-06,3.44637220104159e-05,"DYRK4"
985.110205142967,0.236515089833313,0.0519363476564699,4.55394151698401,5.26499986721801e-06,3.51186693270818e-05,"PKN1"
6225.77962046424,-0.166433925824686,0.0366258613267443,-4.5441641451079,5.51536679233864e-06,3.6401420829435e-05,"ITK"
141.493813066425,0.20253661987193,0.0449690684493368,4.50390961734314,6.67145893107575e-06,4.35729661435885e-05,"TESK1"
379.03908355806,0.219702818433337,0.0489870042676607,4.48492047468141,7.29411338974296e-06,4.71485473749365e-05,"PLK3"
290.917565545913,0.233265891731619,0.0520916902506682,4.47798661569878,7.53503244463207e-06,4.82088300284113e-05,"NME4"
764.300053786303,0.205111043510581,0.0458357673015808,4.4749124010739,7.64426466344991e-06,4.84136762018495e-05,"MAP4K2"
4037.95383026179,-0.18322769513168,0.0411720865481731,-4.45028927346918,8.57547018852335e-06,5.37681980820414e-05,"LCK"
830.842089043833,0.106020711629065,0.0238761367274716,4.44044666183698,8.97723538767332e-06,5.57299662185264e-05,"RPS6KB2"
2518.37161874083,0.138071556515018,0.0313135309909018,4.40932568591946,1.03692983412004e-05,6.3740686862085e-05,"CSNK1G2"
675.383238183333,0.198105919388978,0.044982009569897,4.40411447339061,1.06216848497566e-05,6.465821748347e-05,"DGKG"
411.553817783003,0.158386771267898,0.0364024140649163,4.35099636484127,1.35520299323741e-05,8.17031035346014e-05,"CDK16"
753.90162278077,-0.183201560444057,0.0421436568838734,-4.34707317755714,1.37966199421507e-05,8.20809294041728e-05,"NEK1"
11553.100418564,0.173720469393303,0.0399742813014753,4.3458059466573,1.38765207605141e-05,8.20809294041728e-05,"HCK"
1480.5954263239,-0.107678374414612,0.0248769734495002,-4.32843547601145,1.50172314439254e-05,8.79981693022546e-05,"RPS6KB1"
502.914741176558,-0.186339671064127,0.0432114793935323,-4.31227242573921,1.61585164972302e-05,9.38091652200309e-05,"NADK2"
128.835442950699,0.226425491964903,0.0525530567555271,4.30851231010629,1.64356330231875e-05,9.45425862893445e-05,"MAP3K6"
524.195941700378,0.269224233433004,0.0627540948376122,4.29014607141847,1.78555636697297e-05,0.000101776712917459,"PRKACA"
2602.22351101782,0.160284861530012,0.0373797432521511,4.28801397721714,1.80277751852397e-05,0.000101832567938246,"CAMK2G"
891.582065762581,-0.16902530312399,0.0395137345479787,-4.27763422155794,1.88890066163224e-05,0.000105744706682447,"STK39"
4017.34418043331,-0.263705886879245,0.0626643205418812,-4.20823021136883,2.57378582124019e-05,0.000142810947780318,"ETNK1"
494.821061839044,-0.291017934302337,0.0693395965020033,-4.19699492041216,2.70479997476342e-05,0.000148763998611988,"PI4K2B"
3403.24633551385,0.13466717409753,0.0322507568930571,4.17562832847872,2.97164671819824e-05,0.000162019347157417,"ITPKB"
783.014402663348,-0.177286025908155,0.0426177912993162,-4.1599064734028,3.18377939985927e-05,0.000172088765837221,"FER"
5325.48613204213,0.172775746989189,0.0415995835871789,4.15330472304149,3.27707877791183e-05,0.000175617811431685,"HK3"
5166.48294236496,0.123122412852615,0.0297463177237201,4.1390808098051,3.4870011797066e-05,0.000185283876243732,"TYK2"
1042.34110405411,0.244380152832318,0.0591018464037624,4.13489878408877,3.55111111288331e-05,0.000187104761998137,"MAPK13"
1033.04717556084,-0.132439824138109,0.0321668085078477,-4.11728207682767,3.83366744192271e-05,0.000200309123840462,"PFKP"
677.806044098536,-0.18313564206395,0.044606403944414,-4.10559080916191,4.03282815137929e-05,0.000208150208231919,"PRKCI"
1954.44834053916,0.231344441500191,0.0563622230777447,4.10460107616905,4.05013164342808e-05,0.000208150208231919,"DGKZ"
322.407531978657,0.295839963538936,0.0726990468952895,4.06937884570953,4.71386442539029e-05,0.000240292113391846,"PIP5K1C"
7136.54363351753,-0.128811864888991,0.0321249946864449,-4.00970851968242,6.07937465599437e-05,0.000307400637847458,"FYN"
1548.28643297652,-0.155230434685809,0.0388481764654665,-3.99582293968929,6.4469906649883e-05,0.000323381051755813,"MAPK8"
502.808109532765,0.166734108493758,0.0418370738383155,3.98531955504638,6.73893724120213e-05,0.000335342353193154,"MAPK3"
2619.99351302787,0.1479901997063,0.0372918118629078,3.96843683139724,7.23456284096486e-05,0.000357170937109052,"PKM"
11549.4273461324,-0.28004031902525,0.0706953937960569,-3.96122440215999,7.45664134200071e-05,0.000364034713071808,"RIOK3"
589.010866888335,0.177237506910005,0.0447550489379195,3.96016787191664,7.48970940769748e-05,0.000364034713071808,"MAP3K14"
1150.3856889575,-0.254170694684235,0.0643706889757056,-3.94854705967436,7.86269606037388e-05,0.000379223879219571,"CSNK1G3"
665.988348553157,0.323010591793939,0.0819443698809577,3.94182775782135,8.08630392739793e-05,0.00038703149331897,"ULK1"
2473.54447460732,-0.11285351636619,0.0286596102322689,-3.93771985911812,8.22595502125992e-05,0.000390732863509846,"OXSR1"
3351.27654056172,0.104758450432353,0.0266365583688081,3.93288235596633,8.39333215361958e-05,0.000395685658670638,"AKT1"
8569.51443575509,-0.172893598628946,0.0439972452880993,-3.9296459925347,8.50710134040021e-05,0.000398056159733652,"UHMK1"
326.932760215198,0.129647384365454,0.033141990799054,3.91187678348986,9.15816367198585e-05,0.000425345823876676,"GALK1"
528.957449359061,0.166485801464025,0.042648695407381,3.90365519680613,9.47507436383007e-05,0.000436828796038342,"EEF2K"
217.099024547826,0.317282528588996,0.0813292321795328,3.90121141053687,9.5712516668511e-05,0.000438041955847857,"BMX"
626.833933671725,0.0938954368814143,0.0241743764636249,3.88408929689244,0.000102714155446414,0.00046667953235436,"COQ8B"
687.253483557,-0.0884003806323139,0.0228142813170476,-3.87478261549525,0.000106719924294127,0.000481391313182859,"CILK1"
4100.91165847112,0.169282597733512,0.0437332049559664,3.87080246928982,0.000108477667438213,0.000484407061727449,"PTK2B"
1298.04276016841,0.231269169455772,0.059762873966139,3.86977991699005,0.00010893364546024,0.000484407061727449,"CSF1R"
2351.06840136802,0.184334682405921,0.0478613906817945,3.85142762840858,0.000117431235362574,0.000518516792762917,"CSK"
1674.05482673832,-0.153557050021485,0.0400166278309261,-3.83733108822357,0.000124378729754565,0.000545352892000785,"MAP4K5"
1922.66080023694,0.137366628043821,0.0360538895073661,3.81003630733811,0.000138946385032063,0.000604995718160443,"LMTK2"
3628.35556560942,0.0686207181691227,0.0180381534337854,3.80419860719204,0.000142264007257479,0.00061516919000303,"STK24"
2336.90695239676,-0.135062228909995,0.0356351411150756,-3.79014154802536,0.000150561461952444,0.00064658929208344,"PIK3C2A"
478.232855859652,0.139510275687387,0.0370330580855156,3.76718215830933,0.000165100536694999,0.000700958828638924,"ARAF"
70.3245268802048,-0.47859308112664,0.127060921407634,-3.76664261383112,0.000165457586345392,0.000700958828638924,"DDR2"
418.355957842025,0.101251789649589,0.0269751916601773,3.75351511585603,0.000174372012131946,0.000733766789306914,"TESK2"
1232.9084515404,-0.155273513315921,0.041512738420812,-3.74038233136834,0.000183740549601339,0.000768035497333595,"DGKH"
1408.28600520908,-0.131239047739395,0.0352682927456029,-3.72116248115688,0.000198307786984196,0.000823436969795303,"CASK"
2061.49613502581,0.157266626821038,0.0423116528652839,3.71686323202166,0.000201711564612915,0.000832060204028275,"PI4KA"
10098.930553576,0.0841912586964948,0.0226679047613564,3.71411736474303,0.000203914147792177,0.000835648174285586,"TGFBR2"
254.337979733238,-0.139931721031242,0.0377809689522169,-3.70376210330177,0.000212425481791498,0.000864875175865386,"PRPS2"
4639.29556107759,0.192333744180921,0.0519557463019971,3.70187626721721,0.000214010985444898,0.00086570895402549,"LIMK2"
79.8814040100296,-0.238059480317347,0.0645863689618925,-3.68590902606412,0.00022788775241249,0.000915933466427123,"AK6"
23.6649163394907,0.233056328158336,0.0633095648967741,3.68121828886889,0.000232122164916083,0.000927010174537477,"TSSK4"
93.9345252024424,-0.303673857164994,0.0826587701313024,-3.67382501194504,0.000238946403479219,0.000948224018870063,"NEK10"
1796.91137873286,-0.141924781687104,0.0389151053389838,-3.64703578342698,0.000265282992179504,0.00104611595029276,"GK5"
46.341702650577,-0.403050535742079,0.110718383884275,-3.64032170270255,0.00027229761198849,0.0010670662669799,"STK31"
931.113458048278,0.11903141190073,0.0327235688856025,3.63748258378688,0.0002753158022385,0.00107219259629528,"TK2"
5871.31723897468,0.170163916728784,0.0468017454155866,3.63584552707972,0.000277070334851608,0.00107236481451826,"ALPK1"
1566.27620684122,0.182961274194943,0.0514411577146482,3.55670988607714,0.000375528472264361,0.00144451749760586,"HIPK2"
540.820529467286,-0.221992438257893,0.0626903513311829,-3.54109418026936,0.000398471316710301,0.00151985280094149,"RIOK2"
79.3625046406095,-0.528336616782204,0.149243021450653,-3.54010935752127,0.000399961263405655,0.00151985280094149,"MYO3B"
457.627971327248,-0.168449075145757,0.0476342580520467,-3.53630101599786,0.000405772054452224,0.00153264504904545,"MASTL"
3406.16857897403,-0.134399135927212,0.0380680257780944,-3.5304992360426,0.00041477621333055,0.00154083272695674,"PRP4K"
1117.49069067859,0.146824206493108,0.0415881190654397,3.53043633115692,0.000414874854269442,0.00154083272695674,"PIM3"
417.969107637539,-0.177766296505166,0.0503564757862875,-3.53015761586662,0.000415312170423745,0.00154083272695674,"RFK"
1600.73925575908,0.181603315980423,0.0516811911102575,3.51391506424431,0.000441553975164964,0.00162855495546137,"PAPSS1"
14.3966694646776,0.346384153057764,0.0986256850098094,3.51210897063287,0.000444565676171778,0.00163007414596318,"TK1"
7010.64085909593,0.153078825365126,0.0436119860122307,3.51001729942306,0.00044807754101442,0.00163339894311652,"STK10"
398.98896488908,0.16747444238629,0.04814632460679,3.47844708301309,0.000504328001695959,0.0018278246073027,"CDC42BPB"
739.953579897582,-0.140295899129182,0.0404661859097394,-3.46699092032332,0.00052631966816079,0.0018965657007863,"PRPS1"
92.2731144770673,0.134140212310034,0.0387211647422844,3.46426077838381,0.000531690805506768,0.00190497220030139,"TSSK6"
2740.85315256443,-0.170176102783775,0.0493509924300826,-3.4482812686061,0.000564166207701266,0.00200984211493576,"TXK"
1618.76474518248,-0.0517131847290686,0.0150066935545753,-3.44600791246931,0.000568933700603832,0.00201537531230849,"DSTYK"
2085.95056504716,0.169674845990252,0.0493039092684693,3.44140755789444,0.000578696170204298,0.00203431989527659,"STK40"
647.187562641363,-0.114537352068773,0.0332914907111058,-3.44043927208594,0.00058077075160209,0.00203431989527659,"MAP2K5"
631.645250278651,0.108429412092416,0.0315582139253946,3.43585389048789,0.00059068944083396,0.00205756821890496,"STK16"
9098.61615678185,0.10973792640276,0.0320514730380975,3.42380290204828,0.000617513905402608,0.0021391227551792,"SYK"
1148.88073238173,-0.0926093005589233,0.0271390076111755,-3.41240556345134,0.000643922337263849,0.0022133127178556,"GALK2"
3129.48576102447,0.117488502600007,0.0344386410517705,3.41153132097724,0.00064599079324972,0.0022133127178556,"PAK1"
291.967634613229,-0.149927177908576,0.0440018878835765,-3.40728966687213,0.00065611455434885,0.00223578166074309,"WEE1"
863.797811225055,0.105443860435956,0.0310064193043015,3.40071065288494,0.000672109285419541,0.00227790552409758,"CDKL5"
569.309113357648,0.162593677262977,0.0480319893561075,3.38511228542946,0.000711491433934797,0.00239841467245762,"CAMK1"
155.659553858804,-0.154452980645481,0.0457032182688671,-3.37947712427713,0.00072623850881502,0.00243503500014448,"NEK11"
1432.87159771436,-0.111977235107459,0.0331546256685343,-3.37742420098358,0.000731681158895458,0.00244023450333751,"FAM20B"
2794.78216023756,-0.1688373796304,0.0500268720606746,-3.37493376411036,0.000738334588812537,0.00244939569939397,"PIK3CA"
172.504297724449,0.155918142268111,0.046223833297222,3.3731114696946,0.000743238570324064,0.00245268728206941,"MAPK7"
800.73644165288,-0.248808111454803,0.0740778771608595,-3.35873706146463,0.000782995302579941,0.00255790523921544,"VRK1"
3939.76400293369,0.0813357097371298,0.024216888157746,3.35863589109048,0.000783281987128172,0.00255790523921544,"PIK3CG"
425.234226210562,-0.114370045725458,0.034152157095656,-3.34883812478143,0.000811511934760855,0.00263636260671013,"CDK8"
204.570346666621,-0.238070614206115,0.0712493851773395,-3.34137078675918,0.00083365809813973,0.00269434859553408,"ACVR1C"
1328.32651600708,0.0570094902129771,0.0170740935650258,3.33894680826595,0.000840966657762546,0.00270403125342111,"CDK9"
11121.5073486974,0.135195039330843,0.0405771771991101,3.33180000835071,0.000862862401748099,0.0027602792137554,"MAPK14"
4414.88254457591,0.101296692503019,0.0305248720751471,3.31849687211281,0.00090503336126042,0.00288048689091515,"PAK2"
2101.91058668056,-0.150981879541217,0.0456980805987101,-3.30389980417425,0.000953499037966783,0.00301941362022815,"STK26"
4012.65613695735,0.0643273998510351,0.0195742857355206,3.28632169368526,0.00101505014371053,0.00319817306586181,"CERK"
335.580820282975,-0.150280473167706,0.0457583387496281,-3.28422047815114,0.00102264885508512,0.00320600416069185,"YES1"
1481.7738969422,0.113030040754099,0.0346120465076724,3.26562720667336,0.00109221935920398,0.00340707232945718,"PIM2"
5272.6802218268,-0.0850818666420126,0.0261280145245458,-3.25634642318814,0.00112855964648165,0.00350300444724749,"PIKFYVE"
1929.3214048447,-0.108403842651783,0.0333849801622529,-3.24708423143983,0.00116593877817711,0.00360120006855688,"PFKL"
1104.33934929812,-0.106982241165394,0.0329640775015103,-3.24541893097092,0.00117277951831586,0.00360457234305904,"SGK3"
2744.89849605455,0.117281160853076,0.0363843832432572,3.22339285151442,0.00126681682825653,0.00387460561617973,"SIK3"
372.009805330189,0.181932215979555,0.0566765853149226,3.2100066538704,0.00132731899710282,0.00403994665623042,"CAMKK1"
963.504793037443,0.23918362444422,0.0750092072744919,3.18872353321828,0.00142902476673746,0.0043284953079439,"AATK"
132.270367143035,-0.315411669555577,0.0992546582917746,-3.17780218061277,0.00148395961661519,0.00447328211354675,"FLT1"
961.001566238217,0.149302540545559,0.0471390342888287,3.16728042476978,0.00153871861344658,0.00461615584033973,"MAP2K7"
2284.23435479757,-0.133693648707733,0.0422654282824678,-3.16319162352345,0.00156049579051094,0.00465919457452551,"MAP3K7"
519.857815443161,0.0551708051258102,0.0175202054589724,3.14898162895437,0.00163840494645247,0.00486862512524027,"POMK"
43.1593054858257,-0.37376632963777,0.118810487316881,-3.14590351473682,0.00165574618183245,0.00489694743400445,"LRGUK"
3590.25251640076,0.0549217177998193,0.0175351312178931,3.1320961969065,0.00173562997010851,0.00510910794017857,"CLK3"
737.234247339498,0.125985489234441,0.0409672842754722,3.07527070594403,0.00210311570890045,0.00616193247420832,"IRAK1"
152.422821618793,-0.180939212102299,0.0589278190159974,-3.0705228044021,0.00213684367548301,0.00623163248617604,"ADCK1"
1148.91546082749,-0.117373677093839,0.0382842306632084,-3.06584917759981,0.00217052772218346,0.00630055963800476,"RPS6KC1"
1360.82570792427,-0.11198550209424,0.0365857524266828,-3.0609047147153,0.00220669307844123,0.00637602101466659,"RYK"
3861.73738636383,-0.122814853384313,0.0402225922224186,-3.05337986933274,0.00226279299828111,0.00650812481615715,"PIK3C3"
291.525599289772,0.0902430910701715,0.0297350199488231,3.03490938380027,0.00240607966150893,0.00688863903089543,"PI4K2A"
492.84938497088,-0.148707084027207,0.0491560720809896,-3.02520274163072,0.00248466511271135,0.00708129557122736,"PIK3C2B"
2253.54758037294,0.139575699605733,0.0462715892261614,3.01644490582611,0.00255757690797279,0.00725611186108116,"DAPK2"
443.651201646004,0.116813013373557,0.0387670831089904,3.01320099438865,0.00258507642930168,0.00730109423951422,"GSK3A"
86.0595467411389,-0.197285383712241,0.065608600942413,-3.00700488774948,0.00263835520759903,0.00741815567338383,"PLK4"
192.829365519786,0.113316569139813,0.0378023955614373,2.99760286238073,0.00272112012715033,0.00761670678447881,"CHKA"
138.984909720609,0.265275090129372,0.088795999238763,2.98746669223323,0.00281299945059812,0.00783889180233343,"SRC"
47.5510297069763,-0.357028725847301,0.119818206841486,-2.97975353878924,0.00288480386558802,0.00800341603417561,"PAK3"
35.2693657466944,0.182049214038381,0.061165369894189,2.97634452882916,0.00291706946495315,0.00805727997588382,"CHKB"
2622.35528290579,0.127439218794373,0.0430542998757655,2.95996495500108,0.00307674039392256,0.00846103608328705,"SRPK1"
11532.1092783827,0.0731548389181343,0.0247557186864646,2.95506827511869,0.00312599864076656,0.00855895697712067,"MAPK1"
2593.56987096172,0.196413147020321,0.0667375560727766,2.94306772046214,0.00324977321410171,0.0088591643706164,"CIITA"
514.949307496667,-0.120306990175448,0.041176562429493,-2.92173467324891,0.00348087933595764,0.00944810105474216,"CDKL1"
976.860430399808,0.12329929425762,0.0422907459695653,2.9155147640657,0.00355102305225913,0.00951278553089178,"PFKFB2"
1127.51561732986,-0.120899952302716,0.0414738112832137,-2.91509144112948,0.0035558434090278,0.00951278553089178,"PASK"
85.8314782103378,-0.550401536041528,0.188844785407749,-2.91457100524706,0.0035617777435732,0.00951278553089178,"MAPK10"
63.8231572952444,-0.356130321364105,0.122202915255721,-2.91425389172484,0.00356539808574094,0.00951278553089178,"STK33"
1286.69915860913,-0.0747060839766827,0.025955750189788,-2.87820939215523,0.00399939578222178,0.0106255133705638,"IKBKE"
35.3849842514646,-0.845465491238182,0.294587025585509,-2.87000247060362,0.00410468591821608,0.0108592323659134,"EPHA8"
38.701827238916,-0.146477604255085,0.0512335241845861,-2.85901871062685,0.00424953718943185,0.0111952093183772,"CDKL3"
334.22815094486,0.0968777054684545,0.0339138621759431,2.85658132848034,0.00428230280950299,0.0112129933483763,"PSKH1"
2283.96766812872,0.127651373986628,0.0446980635617852,2.85585915394697,0.00429205487019189,0.0112129933483763,"CAMK1D"
193.958123723741,0.169813973842177,0.0600618021948117,2.82732065367239,0.00469393001509072,0.0122120087944476,"COASY"
904.430020672619,-0.130748455178201,0.0464240075908117,-2.81639741942656,0.00485655493330543,0.0125828923272004,"ADK"
2055.15759781945,0.0884428103320333,0.0314653617784831,2.81079909249646,0.00494186335465643,0.0127512276681876,"BTK"
1820.06040855514,0.0796615376846876,0.0283624226716158,2.80870003973286,0.00497419689389341,0.0127820551330786,"PDK3"
179.656790637834,-0.199235619886905,0.0712451437300428,-2.79648000489458,0.00516626076194823,0.0132214101948634,"HKDC1"
3938.5162686228,-0.0722709614325211,0.0259277710984431,-2.78739584510066,0.00531335314067876,0.0135425708097788,"BRAF"
214.726524718765,0.174840662640669,0.0628788133235219,2.78059736498342,0.00542589862592948,0.0137734349735133,"FLT3"
985.436011745103,-0.0593597248009016,0.021359057740353,-2.77913593017519,0.0054503712212801,0.0137797691763816,"MAPK9"
2508.03343511185,0.120126357002708,0.0433278385581384,2.77249825978556,0.00556278168425171,0.0139524247610554,"DGKD"
38.323217391568,0.238923988635693,0.0861771272121078,2.77247567150422,0.00556316776756596,0.0139524247610554,"PIP5KL1"
1930.84329609971,-0.109742831954258,0.039623001946403,-2.76967484954078,0.00561122775611804,0.014016891645761,"ROCK2"
5915.49068301978,-0.0589354354170138,0.0213510914896168,-2.76030082329396,0.00577481592235416,0.014368291997286,"STK38"
196.85363251879,-0.301346325554321,0.109316269473861,-2.75664662730168,0.00583974236978727,0.0144724050033858,"KALRN"
178.90199204846,0.187020104216587,0.0681999732319539,2.74223134341292,0.0061023346007964,0.0150416795918987,"MERTK"
611.613641792152,0.203730591541859,0.0743460273762733,2.74030232322645,0.00613826936572302,0.0150416795918987,"MINK1"
279.999821909935,-0.132275109514225,0.0482732317170068,-2.74013370991328,0.00614141941870187,0.0150416795918987,"CDC7"
951.818314806642,-0.0987565695786687,0.0362613033835842,-2.72346993526373,0.00646000950486558,0.0157604122939717,"BMPR2"
4083.72929220176,-0.14592869687027,0.0536300461809266,-2.72102500859246,0.0065079837834759,0.0158159140784472,"SLK"
8889.89598196879,0.0859981031808279,0.0316318850035018,2.71871572532928,0.00655359050657657,0.0158652557823302,"PGK1"
261.223406532854,0.112001343691356,0.0413060982188879,2.71149657122884,0.00669802337914299,0.0161525409950871,"DYRK1B"
4494.50385038975,-0.145832667924021,0.0543019885855332,-2.68558614007873,0.00724027088708757,0.0173932944299,"PPIP5K2"
158.230788793792,-0.228779478233375,0.0852977024785434,-2.68212943122265,0.00731551499847544,0.0174486245914065,"LTK"
893.302660427724,-0.0744576759917512,0.0277622878064338,-2.68197190775091,0.00731896055429014,0.0174486245914065,"NOL9"
2251.77009341216,0.0793273376309834,0.0296241365184874,2.67779408798896,0.00741087622218465,0.0176008310276885,"CDK19"
674.673438814591,-0.10423611879149,0.0389635499812631,-2.67522129892209,0.00746799365996392,0.0176695548105561,"AK3"
674.682172847273,-0.110539399335113,0.0414839384550974,-2.66463126336863,0.00770727808498212,0.0181671554860293,"MAP4K3"
153.967529414981,0.134310590477414,0.0505347606258485,2.65778622108907,0.00786557689516632,0.0184708491133681,"SPHK1"
2178.2518450872,0.127580885021152,0.0483414949428148,2.6391588669749,0.00831120226428349,0.0194444918645737,"GAK"
535.074366018726,0.100636550199985,0.038225592966412,2.63270082660098,0.00847089269103291,0.0197444227408091,"INSR"
958.176725773648,0.102321609055963,0.0390211457681839,2.62220924172328,0.00873617763782769,0.0202873458478443,"PNKP"
909.178227036862,0.0553169433840776,0.0211220059989222,2.61892470757277,0.00882074139395302,0.0204081359926515,"CLK2"
1891.95961802796,0.159763142653567,0.0613453286491095,2.60432450476221,0.00920555516323244,0.021220158409363,"TNK2"
7.40901520715979,-0.402307637970461,0.154779773435348,-2.5992261717485,0.00934341897760256,0.0214590611683399,"CDKL4"
3818.30913803198,-0.0982263447578362,0.0379303846722491,-2.58964799873757,0.00960741150675808,0.0219512430888722,"ZAP70"
6642.89011672306,-0.143729379222049,0.0555171129210125,-2.5889202744844,0.00962773819687376,0.0219512430888722,"TTN"
608.884358922025,0.0896350226488052,0.034770854228138,2.57787807169456,0.00994090678236231,0.022583146929497,"RPS6KA4"
290.06395309318,0.112672207807339,0.0438081804290808,2.5719444794047,0.0101129108213822,0.0228909569855836,"ULK3"
1426.16340654022,-0.140948329722218,0.05504474494624,-2.5606137308816,0.010448745738903,0.0235660560370222,"TBK1"
11.6882497977638,-0.622077718031529,0.243686427047885,-2.55277951081489,0.0106867124050731,0.0240163751898955,"WEE2"
81.6553579700228,-0.193700581612172,0.0760661586927207,-2.54647513350386,0.0108816964039226,0.0243672273044982,"CHEK1"
2844.03214184288,0.104471356864736,0.041088043523168,2.54262184097007,0.0110024234038727,0.0245498913673601,"SGK1"
5363.16881606246,-0.0828638339282385,0.0326275742939432,-2.5396872345371,0.0110951639754496,0.0246672580911114,"AAK1"
3509.17683666027,-0.0999550529105201,0.0393760392093111,-2.53847402932503,0.0111337066025272,0.0246672580911114,"CDK17"
29.1840237797762,-0.191138107936634,0.0767621831710493,-2.4900035413365,0.0127741822467894,0.0282021558758343,"PFKFB1"
130.356144476857,0.211811966480322,0.0855322750036344,2.47639813709295,0.0132715489825178,0.0291594502766304,"SBK1"
30.2672770951895,-0.383695345602355,0.155054046590201,-2.47459098321013,0.0133388840479565,0.0291594502766304,"WNK3"
623.82179788832,-0.0650781245735418,0.026301598370729,-2.47430303117879,0.013349641068097,0.0291594502766304,"SEPHS1"
199.406442061854,0.164137848361009,0.0663686632671493,2.47312271004037,0.0133938144811317,0.0291594502766304,"FCSK"
220.800307618233,0.12606335662463,0.0510544093648309,2.46919625930428,0.0135416926134973,0.0293793815524665,"RSKR"
425.259457549299,0.103259945110863,0.0421090735830617,2.45220177801298,0.014198501828004,0.0306981401591672,"TEC"
1163.50688960455,0.0365674970398939,0.0149626744217174,2.4439145041356,0.0145288690909364,0.0313044705155228,"IP6K2"
675.629155422005,0.0655826462466167,0.0269237501641568,2.43586594908781,0.0148561889039637,0.0318911085128322,"CSNK1G1"
1670.10263071354,0.115063665784098,0.0472592922885366,2.43473103832341,0.0149028625107812,0.0318911085128322,"DAPK1"
4097.85537287661,-0.100718952263913,0.0414221321210531,-2.43152505934677,0.0150354082091192,0.032065309343938,"STK17A"
590.0916392808,-0.0898483707299877,0.0370266175024614,-2.42658867567406,0.0152415250675776,0.0323946990419361,"MAST4"
1016.95779218162,-0.0501841622919153,0.0207346529499738,-2.42030394301722,0.0155075391485766,0.0328487400208025,"CSNK2A2"
23.1327332519992,-0.393341131195953,0.16329115176355,-2.40883309933119,0.0160036147413542,0.0337854088984144,"AK7"
347.547643895311,0.0938880905248181,0.0390067732475433,2.40696891098859,0.0160855391313841,0.0338444061589861,"ABL1"
39.8715108631903,-0.534136888317557,0.222531355316285,-2.4002769747139,0.0163826705343854,0.0343542957359855,"ROR2"
114.492081788946,-0.146603163722046,0.0612952626072687,-2.39175357908755,0.0167680962516557,0.0349656544114868,"XYLB"
93.9692977121087,-0.105738145100495,0.0442166033510967,-2.39136742958054,0.016785744781272,0.0349656544114868,"RBKS"
36.1048238207563,-0.667929096827586,0.279679556522554,-2.3881942074437,0.0169313919786761,0.0351522608299004,"CAMK2B"
70.5269801730333,-0.252472913351718,0.106856198698641,-2.36273530620109,0.0181406210879877,0.0375385129444497,"PRKG2"
155.457825580558,0.0936955938958978,0.0397444397727292,2.35745161918693,0.0184008528999164,0.0378582892748428,"ADCK5"
2636.94657422542,0.0904887905558466,0.038389102979605,2.35714782405624,0.0184159142405535,0.0378582892748428,"MAP3K11"
5367.67162226382,-0.12701644541873,0.0539920406647088,-2.35250314407458,0.0186475321232351,0.0382091589583935,"NEK7"
1348.44500322023,0.116112622813258,0.0497572377093522,2.33358257328327,0.0196175899728485,0.0400658922246775,"PRKD2"
14336.4214567016,-0.132331459858587,0.0568904022068843,-2.32607706616941,0.0200144397676231,0.0407436809555185,"PIP4K2A"
136.152244331335,0.143496070040491,0.0622013895343396,2.3069592353925,0.0210570927552605,0.0427274988917421,"MAP3K10"
7036.51884276865,-0.114799482565792,0.0501930113812406,-2.28716069043624,0.0221864455292933,0.0448738753124739,"CLK1"
150.965211390465,-0.0711506722993647,0.0312096317363112,-2.27976648044147,0.0226215420157585,0.0456067744176224,"PPIP5K1"
6663.20434437849,-0.103031585189689,0.0452521001979811,-2.27683543391177,0.022796054684163,0.0458113022018275,"ROCK1"
2839.0619349091,0.0560622312408684,0.0246509862339137,2.27423887664748,0.0229516279628189,0.0459765838105029,"GSK3B"
983.994048352744,-0.097069324469236,0.0427430684565983,-2.27099569530908,0.0231472385396581,0.0462207597591261,"TP53RK"
932.760661611661,-0.12481950367957,0.0551429769949917,-2.26356120908935,0.0236011159528573,0.0469774593728303,"VRK2"
591.638473282142,-0.147174809973544,0.0653692694242013,-2.25143727733106,0.0243578553434396,0.0483303015833439,"BLK"
13.2472013047688,-0.64634364678277,0.289916223871862,-2.22941523641133,0.0257862893901612,0.0509407818943568,"PRKCG"
1648.81364223514,-0.0610465541301565,0.0273914960536099,-2.22866812424841,0.0258359946449848,0.0509407818943568,"PIK3R4"
1111.32811038442,-0.0735176703673429,0.0331567162298512,-2.21727838962395,0.0266040736962261,0.0522907655408581,"TPK1"
14.4941003318968,-0.615365220836633,0.277832273749053,-2.21488026762668,0.0267682838442661,0.0524491061573589,"GRK1"
48.0013364388773,-0.459748841575008,0.20867285228217,-2.20320389809658,0.0275803806937521,0.0538719585513475,"WNK2"
45.6464362306181,-0.253518745705623,0.115434006963606,-2.19622234707276,0.0280760326173536,0.0546582727964412,"TTK"
535.851056320452,0.0639336588617584,0.0291257851078478,2.1950879135111,0.0281572920466515,0.0546582727964412,"PRKCZ"
484.601475587617,-0.0923802372712696,0.0422257845909334,-2.18776840184765,0.0286864766524667,0.0555136446330143,"AK9"
11614.2572627972,-0.0660102440568905,0.0302874676604724,-2.17945735169663,0.0292977096022225,0.0565220428325954,"MAP3K1"
109.986887981643,-0.159657614003378,0.0745325932807992,-2.14211805836238,0.0321839831003918,0.0618998693372567,"BUB1"
32.9669118926073,-0.50465104565001,0.236820447965062,-2.13094371700732,0.0330937792429985,0.0633888996664362,"HUNK"
591.747063910045,0.158596403990457,0.0744536493942047,2.13013606829059,0.0331603813247067,0.0633888996664362,"MYLK"
7.96287002676036,-0.774805939127053,0.365832762179331,-2.11792386912368,0.0341815157568933,0.0649597797520579,"IP6K3"
797.923797095228,0.09388860560188,0.0443324289986765,2.11783129691998,0.034189357764241,0.0649597797520579,"PRKCE"
1907.29515890293,-0.0888254391805798,0.0425353963140587,-2.08827110777904,0.0367733861544249,0.0696583477910103,"PRKX"
63.4201442436789,-0.275143205683477,0.132197641822001,-2.08130191954517,0.037406279581857,0.0706437870416396,"NUAK1"
179.021520720268,0.0998813158915178,0.0481717653163839,2.07344105484851,0.0381312515050489,0.0717966807617588,"SPHK2"
3614.06771356752,-0.0712875412348739,0.0344420405404915,-2.06978274562639,0.038472693874863,0.0722226917950273,"PRKAA1"
33.2117317363013,-0.58192874167586,0.281839180236509,-2.06475459227325,0.0389462262527134,0.0728933846580636,"ALK"
1356.40946164324,0.106883942957453,0.0517970623756844,2.06351360589184,0.039063856461316,0.0728959464322772,"TRPM6"
5304.19306014895,-0.101547413333458,0.0492956128382789,-2.05996857502509,0.0394015451168777,0.0733079192530632,"TGFBR1"
19.2830503428124,-0.650115663941234,0.316541715106981,-2.05380723271028,0.0399943526455876,0.0741907074224363,"CAMK2A"
81.1558254582516,-0.516888514822334,0.251924149318754,-2.05176246985487,0.0401927523059675,0.0743388073623647,"NTRK3"
7829.56633053819,-0.0684053562599025,0.0336282371820584,-2.03416420223177,0.041935042533676,0.0773331519665143,"RPS6KA3"
7.62009154973431,-0.731762706696623,0.361279991740846,-2.02547255155368,0.0428188641923576,0.0786605139803438,"CAMK1G"
226.897341630171,0.0874190893913489,0.0431778854126323,2.02462646227166,0.0429057348983694,0.0786605139803438,"MAP3K12"
148.807678494857,0.0635327264449247,0.0314130120010925,2.02249712452645,0.0431250203599989,0.0788320343023887,"CDK5"
6.10254854962944,-0.51963431603364,0.257747846699855,-2.01605686599101,0.0437940297779013,0.079822257763791,"HIPK4"
240.992925911349,0.069228688645206,0.034608585337797,2.00033280671543,0.045464338742024,0.0826264938876784,"STK36"
319.828348698381,0.115953689947854,0.0580118964088205,1.99879157769136,0.045630909452792,0.0826895382280364,"RPS6KA2"
32.8115418886548,-0.552000283069307,0.276658094573478,-1.99524356560151,0.0460163216388975,0.083147647457028,"EPHA10"
33.4936988582303,-0.357744090788499,0.180496345394441,-1.98200185165366,0.0474790334081394,0.0853932343683784,"PDGFRA"
3101.05724746962,0.0824056479324504,0.04160185809815,1.98081652358011,0.0476118530995612,0.0853932343683784,"ERN1"
16.0790095753338,0.204501787947233,0.103267084304778,1.98031918228344,0.0476676746872926,0.0853932343683784,"AURKB"
428.267678444632,0.111454401232185,0.0566198427633922,1.96846892878068,0.0490141077527143,0.0875551155582674,"MAP4K1"
684.893224408321,-0.111038609782324,0.0568330266771309,-1.95376907186618,0.0507285334673641,0.0903602002387424,"MATK"
613.286189062654,0.104321923034635,0.0534749062907769,1.95085751936376,0.051073997232874,0.0907178364447933,"DGKQ"
16.2378661873838,-0.638306697992235,0.327777728848306,-1.94737665745326,0.0514895944511077,0.0911789021446397,"MAP3K19"
131.219573253361,0.0584567495829176,0.030035542702647,1.94625248365384,0.0516244182796604,0.0911789021446397,"DOLK"
1996.47022142998,0.0535695547445811,0.0275436753655008,1.94489493626833,0.0517876246194362,0.0912102265067036,"PIK3CB"
66.6015420428854,0.13668339318782,0.0705045703317277,1.93864585720781,0.0525444756160324,0.0922839949895022,"CKB"
28.1842552605108,-0.450282152260754,0.233004401019494,-1.93250492390091,0.0532972148993387,0.0933445635248195,"MYO3A"
2700.15360076755,-0.0267470614697673,0.0138758832600024,-1.92759343449267,0.0539057161610518,0.0941473092840654,"NEK9"
15.2849362655019,-0.625088709601154,0.325502374289536,-1.92038141339373,0.0548097395281976,0.0954602963449442,"PAK5"
54.8255435624972,-0.448723604675626,0.234655554583218,-1.91226500251666,0.0558422123366884,0.0969891056374061,"NTRK2"
3030.2845026525,0.0396042595266422,0.0208291730941427,1.90138414749548,0.0572517144001693,0.0991624998036082,"PANK2"
87.9581230622986,-0.114681567618176,0.0603709601510936,-1.89961477059759,0.0574836924187418,0.0992900141778267,"CDK20"
11.2089770008648,-0.666461258488894,0.355230273452059,-1.87613868607637,0.0606362387251195,0.104447587034752,"EPHA6"
28.3082629340903,-0.522041388019693,0.2806081236494,-1.86039299657606,0.0628299448147517,0.107929795613286,"TTBK1"
1500.63684071475,-0.129921275642168,0.0700248183219331,-1.85536041014581,0.0635447768818703,0.10885949482222,"OBSCN"
40.5115024054143,-0.496311051916518,0.268505429119763,-1.84842091850272,0.0645414748729692,0.110185213909373,"BRSK2"
180.936326491597,0.0534785489146078,0.0289553524410098,1.84693137559139,0.0647570867399732,0.110185213909373,"DTYMK"
265.807391820665,0.0649779622495787,0.0351932404071232,1.8463193925282,0.0648458435925972,0.110185213909373,"UCKL1"
208.667048572763,0.0450081064026856,0.0245020315621143,1.83691324895191,0.0662227030841873,0.112220634685907,"CDK2"
21.8847834045635,-0.404731227206042,0.220482739063169,-1.83565946670359,0.0664080362439746,0.11223137122634,"ERBB3"
22.1060559480241,-0.431010875892481,0.235260915012311,-1.83205474598246,0.0669432646379087,0.112568268846216,"MET"
33.9619608833369,-0.340556764683283,0.185903666365315,-1.83189913002609,0.0669664502067603,0.112568268846216,"TIE1"
24.6720100851474,-0.47597468289847,0.260188785294138,-1.82934357589775,0.0673481545648622,0.112907200299916,"KDR"
52.1166644140554,-0.262058067468173,0.145169326706812,-1.80518897079018,0.0710451162400039,0.118738913000668,"ALPK2"
12.0474183413658,-0.369779302803848,0.204958714784497,-1.80416482018172,0.0712054725490449,0.118738913000668,"CKMT2"
2884.11791928962,0.126912141443481,0.0704760702492503,1.80078345734424,0.0717370172628663,0.119307983617552,"MAP2K3"
8.49609498154261,-0.308583217283329,0.171731645147459,-1.79689198818518,0.0723527687935319,0.120013719665462,"SIK1"
1809.89829135143,-0.0676269030051324,0.0377504986509378,-1.79141747584445,0.0732263265932714,0.12114223423214,"TRIO"
34.9561098214157,-0.530469459203637,0.299103669247613,-1.77353043022848,0.0761408541015405,0.125632409267542,"EGFR"
40.9022032910237,0.152326623213004,0.0861164017275199,1.76884565724168,0.0769196350392391,0.126584281285047,"PTK6"
1587.35582956146,-0.0827235298144935,0.0471877576102354,-1.75307185600509,0.0795896737510047,0.130635406915916,"CHUK"
62.7521737822744,0.199494489164806,0.114053238704092,1.74913480258451,0.0802677206151327,0.130762186133151,"LMTK3"
1681.93909614176,-0.0456401505307404,0.0261058403214981,-1.74827356517445,0.0804166683919873,0.130762186133151,"LATS1"
4732.30417012681,0.0474819203158622,0.0271637561191103,1.74798802152614,0.0804661016244611,0.130762186133151,"SRPK2"
22.9799111593096,-0.33193238645884,0.18991594032664,-1.74778581454481,0.0805011225636304,0.130762186133151,"AK8"
60.9792373704252,-0.432116131171917,0.248529381369887,-1.73869233806524,0.0820888944747522,0.132996736009482,"KSR2"
657.391478987325,0.105441257229456,0.0607467726115967,1.73575076825278,0.0826079125347064,0.133492683400157,"MAK"
125.309370398664,-0.187991892521112,0.109059982225973,-1.72374769080368,0.0847534014909231,0.136607667698737,"CIT"
25.0394178166185,-0.515416792332794,0.2995063981118,-1.72088741870682,0.0852712550387053,0.136858678891544,"FGFR3"
19.5187817643145,-0.269962487550473,0.156911375064258,-1.72047748252744,0.0853456833279008,0.136858678891544,"CDKL2"
586.882176029411,-0.0351424541583056,0.0204935073774266,-1.71480915936404,0.086380221694832,0.13816428317005,"PIP4K2C"
169.256671271833,-0.0941046887420616,0.0551136089403565,-1.70746736697829,0.0877352182427404,0.1396720806121,"MAP3K13"
20231.4889003848,-0.0429868482279501,0.0251784307483207,-1.70728861769184,0.0877684206717184,0.1396720806121,"STK4"
410.931437202596,-0.112760647990799,0.0664947815951773,-1.69578191379422,0.0899271888814287,0.142745183363686,"AK5"
1523.36766905179,0.0663822937232955,0.0391820957356282,1.69419967148246,0.0902273472569494,0.14285996649017,"BCR"
74.4112272189096,-0.244475774917225,0.145262921911091,-1.68298814109535,0.0923773871588284,0.145895772666462,"EPHB2"
11846.8712493884,-0.0431123390643942,0.0256763412280686,-1.6790686290329,0.0931386693090346,0.146728506675288,"SMG1"
42.6166969476716,-0.137536382549756,0.0822294529731035,-1.67259269734827,0.0944075054911254,0.148354651486054,"NME2"
4756.98193785437,-0.0864998777981225,0.0517577271983226,-1.67124567635431,0.0946731616034085,0.148400180813343,"PKN2"
1543.95359206015,0.034101988335062,0.0205522158912811,1.65928523305991,0.0970583294818133,0.151759532631164,"MAP2K1"
26.9250099432795,-0.337679350788259,0.204300482147913,-1.65285635764569,0.0983601009892589,0.153412396319068,"FRK"
3444.3002772923,0.0754876733171765,0.0458527365963602,1.64630682747884,0.0997006045368346,0.155117317728524,"EPHB1"
5422.88059305256,-0.0323182720988294,0.0197042425768919,-1.64016820097062,0.100970199057252,0.156703749526973,"ADPGK"
18.3077645752554,-0.541365825720738,0.330752416461514,-1.63677058360579,0.101678414377985,0.157413248925918,"STK32A"
7865.15561530944,-0.0535408659871037,0.0330868753235155,-1.61819045961863,0.105621558258148,0.163115066571081,"SNRK"
294.023918604043,-0.0493680785464197,0.0306615028949025,-1.61009976306893,0.107376078816388,0.165417202500923,"PFKM"
923.162452074697,0.0373914041844899,0.0232845311699286,1.60584741481846,0.108307439809166,0.166443050883203,"GRK5"
45.2536771598345,-0.245197069447739,0.15326613112027,-1.59981248078435,0.109640189215908,0.168079214274754,"STK32B"
138.294910348458,0.0754216982268999,0.0475166202127955,1.58726984135522,0.11245154264715,0.171968578633568,"PAPSS2"
20.5968339315175,-0.506604714670316,0.321534905186803,-1.57558232869303,0.115122091292941,0.175206463604818,"ROS1"
26.5001948275587,-0.261492186570922,0.16596798061614,-1.57555804197989,0.115127692193277,0.175206463604818,"EPHA2"
27.6680456770701,-0.213756944939159,0.135957087295443,-1.57223833778266,0.11589528740821,0.175947567082197,"ETNK2"
11.4634689516449,0.185268294510906,0.118714190565696,1.56062467029482,0.118612334397296,0.179637520935035,"HASPIN"
5298.83630238547,0.0837929659878664,0.0537497392765962,1.55894646403153,0.119009051765916,0.179804037246336,"GK"
1333.30913597869,0.0328493237140974,0.0211280763245679,1.55477115897674,0.12000058027768,0.180866259216599,"RIPK1"
4577.33199909537,0.0539704778023619,0.0351916970886092,1.53361395633946,0.125124652811737,0.187830409512568,"NAGK"
299.247988660527,0.0555694830497395,0.036243513158278,1.5332256232188,0.125220273008378,0.187830409512568,"CSNK1E"
4.96551164229692,-0.605523668219997,0.396174841629307,-1.52842534303724,0.126406966539666,0.189157918903032,"SBK3"
1095.40082145574,0.0674478704738732,0.0450955692239919,1.49566513150896,0.134740941082452,0.201148976330231,"CDK14"
3547.18837653789,-0.0584535270239153,0.0395808808249064,-1.47681218319763,0.13972598985814,0.208095476582075,"DGKA"
2846.71749939662,0.0975014234416123,0.0661590231218336,1.47374339645343,0.140550693743896,0.208827689519959,"EIF2AK2"
3942.44837314758,0.0861394468204427,0.0593192476537077,1.45213316465686,0.146464581981053,0.217099983220142,"PINK1"
27.079317505362,-0.283459486797804,0.198689643988423,-1.42664449494067,0.153682392011906,0.227261461772323,"NEK5"
32.336913506266,-0.216920345365465,0.152599704518374,-1.42149911790522,0.155171709830029,0.228923910737478,"CDK18"
7976.50301370855,-0.0374962017224502,0.0264187793264317,-1.41930106834784,0.15581126080033,0.229327841600486,"TAOK1"
345.73341620397,-0.0473021226077638,0.0335439944669219,-1.41015175322691,0.158494878461761,0.232694262066268,"STK32C"
19054.5311667775,-0.0688452326410084,0.0488617128441533,-1.40898115587134,0.15884074029404,0.232694262066268,"STK17B"
94.9436688221212,0.123537100093925,0.0886227687661272,1.39396570219935,0.163327961988452,0.238307529071628,"FAM20C"
22.0712927891166,0.203066870297693,0.145752801538285,1.39322790474359,0.163550883998627,0.238307529071628,"PKMYT1"
12.3369126751607,-0.237154125975165,0.170425914961868,-1.39153793616556,0.164062364198819,0.238307529071628,"PBK"
596.113026747994,0.0579722437982218,0.041694145158226,1.39041689374423,0.164402319409827,0.238307529071628,"RIPK2"
14.9840083157022,-0.310054038429168,0.22338903735542,-1.38795547937234,0.165150602345912,0.238307529071628,"GCK"
24.7764904716604,-0.426692570065278,0.307531770490793,-1.3874747619874,0.165297041727946,0.238307529071628,"MAPK4"
33.4849372063166,-0.330695253523893,0.238404977796373,-1.38711555681671,0.165406529016254,0.238307529071628,"TYRO3"
27.7962941213071,-0.441329751464105,0.318394263975368,-1.38611087383863,0.165713050518707,0.238307529071628,"DCLK1"
2918.95349492225,-0.0869743504094974,0.0629043067280315,-1.38264540114135,0.166773620769696,0.239283890669564,"IPMK"
11.8703509136558,-0.465651196654974,0.339197785218712,-1.37280140657383,0.16981409337484,0.243090037776312,"MUSK"
472.840795901978,0.0304649802109783,0.0222952289131601,1.36643495923004,0.171802482329256,0.245376210524928,"DGUOK"
13339.1618363218,-0.0331713959413994,0.024642005740059,-1.34613214083766,0.178259904832838,0.254020364386794,"JAK1"
15.9378614649816,-0.443288940864695,0.329630901625884,-1.34480395702648,0.178688552076169,0.254053791727342,"ERN2"
291.001141656608,0.0564200733329048,0.042107085838869,1.33991873835219,0.180271765350611,0.255724879807315,"MAST2"
19.9901349633274,-0.332395800296578,0.250660305356642,-1.32608072835323,0.184812958814222,0.261575000398459,"DCLK3"
22.5330783970083,-0.426582046862454,0.322300937218625,-1.3235519900865,0.18565187885947,0.262170558659657,"PRKAA2"
5.46008489974794,-0.4940510226413,0.374923204789735,-1.31773924987752,0.187590950580941,0.264313541605056,"TSSK1B"
6388.32613493334,0.0364051950762135,0.0278556910560097,1.30692126800994,0.191239452141695,0.268850081822517,"MAP4K4"
11600.4361859077,-0.0580266127598255,0.0445958288038826,-1.30116682022005,0.193201359739025,0.271000565003062,"MAP3K2"
31.9121550940594,-0.222115649939242,0.174753713152676,-1.27102106119592,0.203721156092983,0.285118671585492,"RET"
3677.50444168387,-0.0455534383250857,0.0361702105520811,-1.25941866607311,0.207879150807681,0.290290039101149,"PDK1"
20.6781218302876,-0.363834284327427,0.29327058285687,-1.24060954488912,0.214750024196349,0.299218367046913,"INSRR"
6.04802510432862,-0.172127491501631,0.140095415388008,-1.22864471349692,0.219205043215852,0.304748474714721,"TNNI3K"
2706.9653717211,0.0316392382541953,0.0259943534506917,1.21715811528882,0.22354406279524,0.310093202151804,"AKT2"
4459.83909229048,-0.0425165812104501,0.035277841586798,-1.20519224810968,0.228129094257757,0.315754839071994,"BMP2K"
6803.92508900021,-0.0226802813529195,0.0188924703798162,-1.20049315398954,0.229947869856001,0.317571177091877,"CDK13"
17.8080555743834,-0.225782481225589,0.188988642470343,-1.19468809487332,0.232208915552772,0.31998898912437,"BMPR1B"
19.5121110851473,-0.176022861963185,0.147549914907241,-1.19297162640754,0.232880485430693,0.320210667467203,"RPS6KA6"
95.434125806701,-0.0696549837076742,0.0589398712855383,-1.18179735022199,0.237286119472164,0.325126652017742,"MYLK4"
25.1607410214536,-0.154398699597811,0.130707359348911,-1.18125483038532,0.237501505382556,0.325126652017742,"SGK2"
195.161380088225,-0.0416541793461615,0.035300991549907,-1.17997193612175,0.238011376835955,0.325126652017742,"CHEK2"
95.784744153527,-0.201632303864312,0.171245153799331,-1.17744823366266,0.239016647750233,0.325790082911731,"SPEG"
6085.61297403839,0.0342669677575293,0.0294328141205225,1.1642436777269,0.244325274216054,0.332303572523787,"MAP3K5"
12.9124528297462,-0.410237609788933,0.354505069510638,-1.15721225187337,0.247185653314687,0.335466243784218,"PCK1"
828.242477920678,-0.0265708654418599,0.0230077959136842,-1.15486357500488,0.248146297715306,0.335978321431237,"ULK2"
240.532846585832,0.0627380320128149,0.0543811698574726,1.15367198199753,0.248634674870963,0.335978321431237,"MARK4"
6.92420188325709,-0.40792796438613,0.357066408967307,-1.14244284576061,0.253269990323895,0.341505986952865,"PSKH2"
2660.35435208698,-0.0548774437484055,0.0485747979670761,-1.12975135348172,0.258581011657103,0.347919086500008,"STK38L"
19.3648003479604,-0.26491919139466,0.237152855741368,-1.1170820210724,0.263959256995309,0.354394976736743,"MARK1"
3103.2730915789,-0.0325862395458922,0.0292176875612924,-1.11529153282693,0.264725512632558,0.354664308591055,"IRAK4"
393.784386606283,-0.0833217509291602,0.0752957745373721,-1.10659265332086,0.268470085077768,0.357858362212222,"CDC42BPA"
25934.1103580315,0.0945312496330228,0.0854784686562492,1.10590714970783,0.26876670986548,0.357858362212222,"GUK1"
680.153357410874,0.0271679036379839,0.0245689993299497,1.10577981924018,0.268821831901047,0.357858362212222,"CDK11B"
513.286080880287,-0.0158434533697174,0.0143739541355475,-1.10223347175819,0.270360183758494,0.359143718679185,"IPPK"
2862.68097770615,0.0328032301613092,0.0298996379558052,1.09711128307961,0.27259274849643,0.361343875913872,"IKBKB"
12.3055662029783,-0.181976355823682,0.167561743082336,-1.08602567910901,0.277467631381222,0.367029968092883,"AURKC"
886.686967777922,-0.0240042515317566,0.0222311317554988,-1.07975841247125,0.280249774829448,0.369345476066603,"NEK4"
6755.42215318362,-0.028031779501739,0.0259690660981751,-1.07942963354038,0.280396246583258,0.369345476066603,"PRKDC"
4.33446340002968,-0.42272154938433,0.394450170825759,-1.07167287695525,0.283866987424632,0.373133335671372,"GK2"
654.340753298434,-0.0219881137054979,0.0205837855601981,-1.06822496965841,0.285419043940876,0.37438857855843,"SIK2"
10.9526430369108,-0.319940653419745,0.30020755579726,-1.06573151555123,0.286545026836233,0.375080859762668,"MYLK2"
292.82763721519,-0.033099383522456,0.0312715291529394,-1.05845107095905,0.289849846487035,0.378616361973689,"ADCK2"
948.407171162431,-0.0492848797684062,0.0468124973109612,-1.05281458156401,0.292425980655247,0.381187297028773,"NMRK1"
2899.42153975559,-0.0334875443346564,0.0319001184578993,-1.04976238188119,0.293827374704208,0.382219427260453,"GRK3"
937.409522343444,-0.0243849886677854,0.0233378912544035,-1.04486683916587,0.296084517894505,0.384358162981066,"NLK"
14.3290683183039,-0.108858837053329,0.104748070736229,-1.03924431531967,0.298691125201806,0.386940775829612,"PDPK2P"
32.6872013047386,0.0457254449245907,0.0445742520377451,1.02582640951262,0.304973415274715,0.394264600777828,"SHPK"
63.5284305883726,-0.0620124304659385,0.0608999537801033,-1.01826728292524,0.308550952108328,0.39806882092988,"MAPK11"
931.470478129787,0.040191645851052,0.0398666056610682,1.00815319449936,0.313380923827107,0.403469895769191,"MAP3K20"
1600.92420758519,0.0286949667655403,0.0287462585287138,0.998215706467598,0.318174771823106,0.408802421994032,"MAP3K8"
3830.28257836493,-0.0488725982942138,0.0492399698439802,-0.992539159732825,0.320934586679389,0.411505083533696,"CLK4"
729.538142527631,0.0267809342523251,0.02732759457019,0.979996032345225,0.3270880771689,0.417744620292052,"DAPK3"
10960.4147423958,-0.0229858544249716,0.0234726467747497,-0.979261292752814,0.327450890560225,0.417744620292052,"DYRK1A"
79.2020373256221,0.0567822360097367,0.0580265812082727,0.978555600336513,0.327799606353572,0.417744620292052,"NEK8"
9.6609097345507,-0.360190894257835,0.370142388234411,-0.973114416794994,0.330496439582477,0.420327114844246,"EPHA5"
17.9475631340393,-0.174773947327197,0.179872243680817,-0.971656014016997,0.331221706150382,0.420396780883177,"WNK4"
12.3184625665413,-0.326917577158057,0.341876238396013,-0.956245390705896,0.338948272496106,0.429334478495068,"NRK"
96.501528778269,-0.106277227821986,0.112818848195197,-0.942016600259083,0.346184141007245,0.437587926057424,"DGKK"
128.565688854858,-0.0624388465117569,0.0663750622370598,-0.940697370478619,0.346859966906762,0.437587926057424,"AURKA"
8769.57023331972,0.0465315334245495,0.0497827991149927,0.934690982663848,0.349947575336209,0.440596646055829,"WNK1"
5.31525667912616,-0.157757153883018,0.169628529902224,-0.930015451846165,0.352363084183233,0.442748805176127,"TSSK2"
2838.6671299326,-0.0250706706604145,0.0271756353363849,-0.922542209228422,0.356245824110637,0.446732263434739,"AK2"
7.11180531973879,-0.305930760979983,0.332775995537965,-0.919329414026441,0.357923297179043,0.447939934792934,"SRPK3"
2347.29064777865,0.0194354562716674,0.0212874711092154,0.912999772117309,0.361242661392122,0.451193523292551,"TLK2"
2.78978301631582,-0.365712109416195,0.408459398460073,-0.895345071737758,0.370602653540248,0.461963943876213,"MOS"
39.0567815797473,-0.102439483673448,0.116378519486756,-0.880226730200891,0.37873649572147,0.470468138032449,"RPS6KL1"
169.830974004853,-0.0588138280617516,0.0668432029972553,-0.879877465838472,0.378925693311621,0.470468138032449,"MAP3K9"
43.4903591884287,-0.17872754554426,0.204663514966188,-0.873275070907422,0.382513165042229,0.473983704508849,"DGKI"
1862.17932930389,0.0227969527095356,0.0263610271244529,0.864797589331746,0.387149894523487,0.478783005653306,"MTOR"
21.1003391919338,-0.154882251834987,0.180980960928784,-0.855793068177671,0.392112250110071,0.483627020030004,"PRKD1"
39.4680988847076,0.0546132181251087,0.0638829833258814,0.854894610142335,0.392609494729301,0.483627020030004,"PHKG1"
55.094203160008,-0.0766841038005578,0.0904108346057474,-0.848173829330881,0.396341169773174,0.487022978471693,"MELK"
197.548850471214,-0.0257649423777573,0.0304142084517343,-0.847135062503597,0.396919843698621,0.487022978471693,"NEK3"
565.819470073995,-0.03165896120684,0.0377021587016204,-0.839712162303302,0.401069793064208,0.491153828615739,"NME3"
29.6287397571665,0.0713550743365634,0.0893410307702589,0.798682013419495,0.424474818821039,0.518802556336826,"AK1"
68.3178205780135,-0.0918916381694606,0.116086152814718,-0.791581389695344,0.428604801826268,0.522831149309475,"PRKG1"
10612.0190008983,0.0197383283228198,0.0251554229349246,0.784654997607535,0.432655874897203,0.526748026331157,"PRKCB"
29.3171964688713,-0.0924676283621615,0.118990580951294,-0.777100402594146,0.43709953647963,0.531126762350249,"ANKK1"
2264.3606961579,0.0410196751699861,0.0534615915107857,0.76727373822589,0.442918779173051,0.537156817294977,"HK1"
16.6988814999358,-0.0816077580533866,0.107151870832782,-0.761608336085341,0.446293798060805,0.539350581285869,"TSSK3"
44.9245942778242,-0.0872067216774611,0.114542234687466,-0.761349924029408,0.446448088815576,0.539350581285869,"ACVRL1"
2239.1529182747,0.029369923006073,0.0386907814698179,0.759093558991153,0.447796591882574,0.539939352135335,"MAP2K6"
46.9109007085477,0.0665552716421258,0.0888081705116393,0.749427347266465,0.45359967315713,0.545886746774511,"FN3K"
4.00534055132768,-0.184668680632589,0.248578433113293,-0.742899045261998,0.457542803779697,0.549577275804348,"CSNK1A1L"
42.8153698990698,-0.0724269780605151,0.0992060044517655,-0.730066475923133,0.465349551859301,0.557885600412585,"CDK1"
4.56973924066714,-0.237605604404119,0.326816915545866,-0.72702970103998,0.467207761317174,0.558970246178316,"CKM"
195.105727570548,-0.0324957499496269,0.0447799574676377,-0.725676212915377,0.468037287469882,0.558970246178316,"CDK11A"
429.754676550514,-0.018701937931914,0.0262056956977415,-0.713659280319194,0.475437891472306,0.566729197629536,"ACVR1"
873.723432929121,0.0211517412669129,0.0299119635207567,0.707133159353955,0.479483731128055,0.570467361323132,"STK25"
9.40150497263295,0.238764138929229,0.340977028552576,0.700235262013885,0.483780393566311,0.574357983293065,"MAPK15"
5.24787621599539,-0.279416940519733,0.39976912720393,-0.698945770210007,0.484585922108503,0.574357983293065,"NMRK2"
450.206258876534,0.0242169090168088,0.0349476268025746,0.692948598587664,0.488341809555359,0.577195623602687,"FGGY"
6.8378628602301,0.196400494623543,0.283863106772192,0.69188453849045,0.48900984111758,0.577195623602687,"EPHA3"
17.4249793000032,-0.204385905586707,0.295902841326732,-0.690719645239996,0.489741741238643,0.577195623602687,"PNCK"
62.065215382091,0.0835463286231057,0.122706117858778,0.680865225638209,0.495956773506913,0.583423821742654,"TEK"
232.191992117266,0.022503246841865,0.0334916492592601,0.671906201682291,0.501643412026858,0.58737547357484,"PMVK"
10565.655455878,-0.0266793922999896,0.0398896414901372,-0.668830084787454,0.503603873242532,0.58737547357484,"HIPK3"
9.9617236439886,-0.235349221229989,0.352291606245997,-0.66805230966999,0.504100202358346,0.58737547357484,"PIK3C2G"
40.3378480747384,0.0799528584977916,0.119721077387651,0.667826085785279,0.504244613215181,0.58737547357484,"MAP3K15"
102.127609225122,0.0588849997369131,0.0881857394029827,0.667738345627813,0.504300628342995,0.58737547357484,"ALPK3"
1835.94976998743,-0.0176604677159622,0.026487700035763,-0.666742212125532,0.504936810616968,0.58737547357484,"SGMS1"
14.5939039983547,-0.124692777546323,0.189665589625606,-0.657434897877169,0.510901318564424,0.59321319766647,"NIM1K"
62.4813807382221,-0.0346711674599611,0.052958813003586,-0.654681732719603,0.512672688863158,0.594169641251756,"KHK"
18.1550579446982,-0.107253373001647,0.165270585586176,-0.648956210938835,0.516366680293162,0.596479324865953,"MST1R"
9.20222457736254,-0.117536945170144,0.181203964066256,-0.648644447574926,0.516568219142284,0.596479324865953,"GRK7"
3818.80571016334,-0.0139803087859295,0.0218801695381935,-0.638948832710176,0.522856218823875,0.602630237504723,"TAOK3"
38.6090840794674,-0.0557082240947249,0.0876977919682473,-0.635229494887341,0.525278749315196,0.604311515267207,"HYKK"
182.904618591697,-0.0267648144960017,0.0423315753486933,-0.632265968736927,0.527213097009915,0.605426028983914,"TKFC"
39.3798533928412,0.0972180972910088,0.154208480496823,0.630432885258939,0.528411400769602,0.605692775653639,"NTRK1"
24.9950775652291,-0.0947893650774201,0.155424408548532,-0.609874381782328,0.541945023949652,0.620072135066482,"EPHB3"
40.2743228032385,-0.0875965979084062,0.144233773001259,-0.607323763953966,0.543636070632855,0.620873982307468,"MYLK3"
171.318681152734,-0.0186280835771485,0.0308884166409103,-0.603076674136686,0.546457683098896,0.622961758732742,"CDK4"
74.9626461018063,-0.0622593253091002,0.106537650373478,-0.584388008284811,0.558959292825608,0.636057126318796,"MOK"
16.603252601203,-0.106530113378481,0.18346941487916,-0.580642356376651,0.561481519137008,0.637769769019754,"PKDCC"
5343.65688396326,0.0151591639043971,0.0266391513202158,0.569055812708764,0.569318264087444,0.645501901596433,"MARK3"
1156.92514054862,-0.0123422270677141,0.0220217487786109,-0.560456264931228,0.575168262997823,0.650957582851327,"ABL2"
1311.6951744423,0.0180772841603397,0.03239027540644,0.558108380787199,0.57677037809104,0.651594643356905,"COQ8A"
194.688353636501,-0.0340478972327183,0.061462079641565,-0.553965915752918,0.579602172359409,0.653616118829765,"EPHA1"
154.388999832584,0.0457683211760115,0.0829624757032331,0.551674968569289,0.581171062769326,0.654208718772653,"DYRK3"
78.4409544165592,-0.0333075427316432,0.0608281338848881,-0.547568051235549,0.583988531761505,0.656202167409432,"PLK1"
13574.0409681459,0.0343000852808967,0.0635532241995181,0.539706454124427,0.589399488278477,0.661097458230063,"PIM1"
70.3728679476342,-0.0318383208053817,0.0612541505932199,-0.519774096890436,0.603221035425398,0.675392123592366,"GRK4"
4.12528492121715,-0.197068993779195,0.382021085981256,-0.515858943421947,0.605952931045162,0.677241511168123,"PRKACG"
2.6090324789177,-0.130822788026938,0.254805790485009,-0.513421566197235,0.607656463010958,0.677937014782688,"PRPS1L1"
21.9776288658728,0.0776394216916256,0.153799125888362,0.504810552356335,0.613691903498824,0.683454393416985,"MAPK12"
87.3432890492037,0.0392121436219665,0.0847116592808594,0.46288957098526,0.643443523264802,0.715317533842253,"CDC42BPG"
76.8562448480062,0.043340030965812,0.0943863296981315,0.459176992096451,0.646107071362232,0.717007316361274,"PAK4"
1469.37798637284,-0.00803219746184347,0.0177788710896673,-0.451783323099274,0.651425084952094,0.721631675379794,"MAPKAPK5"
1480.69931733214,0.0184567788613745,0.0415635545855643,0.444061607468598,0.65699804291342,0.726180690090794,"PRKCA"
58.2105668479882,-0.0335357860764071,0.0757209644281615,-0.442886409723735,0.657847897881293,0.726180690090794,"BUB1B"
18.0808294458732,-0.0768700937239338,0.174772220558989,-0.43983015995376,0.660060121927305,0.72734217302007,"AXL"
5710.21863744799,-0.0241583388340743,0.0567893872435185,-0.425402350803345,0.670543392631302,0.737597731894432,"JAK2"
116.158216909896,0.0239942851471242,0.0598191064693147,0.401114068118563,0.688336143708283,0.755843716471267,"KIT"
4079.79782567717,0.0246436089573145,0.0643351932826849,0.383050204715046,0.701682539713576,0.769152014686035,"EIF2AK1"
135.894953890478,0.040244530639418,0.111167839615278,0.362015946146778,0.717340114215403,0.784942847492247,"FGFR2"
786.697393973753,0.0380493408542983,0.106869120551724,0.356036810800577,0.721812998015882,0.788461236508638,"CMPK2"
867.673084377763,0.0281922155785032,0.0804013540423863,0.350643542192594,0.725855786078374,0.791006660333759,"PDK4"
49.048404130927,-0.0355374911225092,0.102148029592319,-0.347901875976874,0.727913876356175,0.791006660333759,"AK4"
107.192373000326,-0.0204886824449157,0.0588953087025673,-0.347883097928691,0.72792797928641,0.791006660333759,"MAP3K21"
2597.72550137742,-0.01321742127239,0.0408129028180321,-0.323853986356252,0.746048581628414,0.809294914673037,"MAP2K4"
5423.53689426775,0.00991391954365296,0.0308577437870161,0.321278172898188,0.747999595852108,0.81000992504192,"RPS6KA5"
11.9964654521568,-0.113027796142161,0.361725661418386,-0.312468282451846,0.754684664113718,0.814878731055973,"DGKB"
28.2576619880762,-0.0533847538097548,0.171858644514043,-0.310631763451343,0.756080577201444,0.814878731055973,"ROR1"
44.2567458792482,0.0231490272958675,0.0746216247790005,0.310218751795149,0.756394611602195,0.814878731055973,"PLK2"
48.6638480694747,0.0437454658809892,0.144359630820697,0.303031156510255,0.761866117769171,0.819365447412127,"DCLK2"
28.1457860758855,0.0474689109679298,0.158928142912183,0.298681593442888,0.765183002628322,0.821065170329756,"RIPK4"
1036.53561078927,-0.0064676016936257,0.0218332551021455,-0.296227093182736,0.767056659477972,0.821065170329756,"NME6"
144.024761148436,-0.0282977645314268,0.0956619256241137,-0.295810107802113,0.767375103370394,0.821065170329756,"FGFR1"
480.379056830022,0.00931760662408742,0.0318952376957664,0.292131593843685,0.770186011353134,0.822668874136994,"CDK7"
390.948044909435,0.00882052032570626,0.0316903591505539,0.278334501789705,0.780755593472107,0.832540403243217,"CLP1"
3366.45219551011,0.0133895307742732,0.0502347390274985,0.266539272095029,0.789823918165783,0.84078029998293,"STK11"
22.0223440805038,-0.043551948679695,0.172733798319299,-0.252133335244495,0.800938004307027,0.851166319831366,"FGFR4"
3.73653054080211,-0.0890774205872534,0.356924363094827,-0.249569460080783,0.8029203186627,0.851433851861868,"PGK2"
28.5308603179023,-0.0361824395800212,0.145723198066694,-0.248295673304269,0.803905646415033,0.851433851861868,"BRSK1"
7.29805241500852,0.0944620829740898,0.396145903449056,0.238452757308993,0.811529952807868,0.858059494790107,"SBK2"
439.021528336311,0.009384926799521,0.0402154650495441,0.233366113955392,0.815477123936482,0.86078140859962,"PTK2"
256.640547578512,-0.0125035522420219,0.0556770173852843,-0.224572953603053,0.822311507360666,0.866536664059055,"PDK2"
1011.24352672542,0.00645554685672928,0.0296313632142916,0.217861959641995,0.827536667010579,0.870579681569854,"TAOK2"
9.11050939392316,-0.0801935188270844,0.379044207188089,-0.211567720351128,0.832444294661768,0.873017072157315,"EPHA7"
11.7840549648995,-0.0440909548688627,0.208646346499587,-0.211319084223456,0.832638292105382,0.873017072157315,"ITPKA"
3057.12157350976,-0.00527470762201687,0.0266564606940363,-0.197877268200011,0.843141089854725,0.88109096287484,"CSNK1A1"
337.228083339654,-0.00529571726302222,0.0267640458856477,-0.197866842914884,0.843149246770182,0.88109096287484,"FN3KRP"
107.291849803506,0.015619084594699,0.0841395784402324,0.185633026504807,0.852732552287292,0.889622812452799,"DMPK"
22.5949689654551,0.0417220217240741,0.240436642611861,0.173526053561754,0.862237950728538,0.898045174596002,"MAST1"
503.146005396877,-0.00724519074656319,0.0442308058349729,-0.16380417697103,0.869885303350415,0.904507603981277,"CDK10"
386.900990675114,-0.00588974436068571,0.0381703661880907,-0.15430148958129,0.87737202286718,0.910781884665103,"GLYCTK"
41783.0662367075,0.00798812363573386,0.0542885222067544,0.147142035020065,0.883019911798082,0.915129726772558,"LRRK2"
4.84849520457588,-0.0505056875387833,0.350974857842092,-0.14390115534004,0.885578523355014,0.916266888025733,"AMHR2"
610.082772120404,0.00570196819783992,0.0441247385986104,0.129223840841507,0.897180532105229,0.926741669901118,"STK3"
96.2804923767654,-0.0117621693026658,0.0974568207126803,-0.120691083668148,0.903935721570474,0.932183712869551,"PDGFRB"
28.8787359543514,0.0140670753849987,0.131515020841232,0.106961739389304,0.914819333112692,0.941858328180063,"PKN3"
15.0749304222262,-0.00399650999632244,0.0392641180326911,-0.101785299060964,0.918927094691116,0.944536538313655,"CDK3"
7838.33734872897,0.00274673612861954,0.027805631064434,0.09878344865666,0.921310210268682,0.945436173221708,"HIPK1"
32.3915789210559,0.00855129717244304,0.0904268362834237,0.0945659222848493,0.924659618571113,0.947322844516483,"TNK1"
10.0502048863817,-0.0227853752912355,0.247348859526786,-0.092118376186683,0.926603988443584,0.947766232877858,"SRMS"
201.144957512905,0.00623902075981749,0.0706567720569464,0.0883003932700054,0.929637926393844,0.949320814086221,"ERBB2"
3536.13022450478,0.00107173680682664,0.0136479707549758,0.0785271910431009,0.937408701676895,0.954124515455229,"CDK12"
7.79042748517329,0.0219686437893005,0.280170564011539,0.0784116770682437,0.937500585173917,0.954124515455229,"PKLR"
529.596522601297,0.00283405522342155,0.0369771511482693,0.0766434172296746,0.938907218558016,0.954124515455229,"PIP5K1B"
11.6820252475033,0.0083702613623447,0.11768870410662,0.071122045449338,0.943300622866236,0.95703801057788,"GK3"
580.936516765364,0.00204682339978508,0.0320144538458366,0.0639343532031317,0.949022498323315,0.961287732550434,"FASTK"
69.4834006027121,-0.00681213494556486,0.112633913982804,-0.0604803180914485,0.951773091037987,0.961955912790304,"DDR1"
16.7215615907416,-0.0157115031286178,0.265159606964188,-0.0592530035343571,0.952750593050684,0.961955912790304,"ERBB4"
16.6544747945604,-0.00676380080074567,0.122945596904302,-0.0550145834503569,0.956126845475141,0.963812752593108,"NEK2"
113.632935685866,-0.0050538288250577,0.110049716615749,-0.045923142562045,0.96337150853655,0.969556879377877,"FLT4"
909.456343814166,-0.000832241586738103,0.0212644877801601,-0.0391376267955343,0.968780662093507,0.971894683745305,"EIF2AK4"
14.2806858029435,0.00702770169827776,0.180164372254242,0.0390071666797722,0.968884674779693,0.971894683745305,"PAK6"
43.460628491754,-0.00489065856673962,0.131553914251901,-0.0371760779187073,0.970344612479364,0.971894683745305,"CDK15"
792.972465467165,-0.00158131641499382,0.0485868837281447,-0.0325461584208954,0.974036506412358,0.974036506412358,"SGMS2"
